l;¥®«§¥;¡¥ «\ ¡¬«¥¯;tjl;ml;®±¡
n;¦«ğ«;®\°®¨¤«;sjl;mq;®±¡
ul;±¥«;}±©¡ª°®\©¥ª¤\ª«°;nljl;mll;®±¡
uu;®«¢j\ ¥¯«ª;«®\ «\¨ª¤¡;mlljl;mll;®±¡
ml;±¯\¡£®¡¨¥;¨¨¡°\®¥ª;ujl;ml;¨¯¡
m;¡ ¡®¯«ª;¡®®«®¥¯°\±¨¥ª®¥«;sjl;mll;®±¡
ut;®«¢j\® ;¡ £«£¥;mljl;oq;®±¡
us;®«¢j\ª¥;«©®\ª¤«\¡\¬¯¯®\¬¡®¢±©¡;tjl;rl;®±¡
o;~®±ª\j;«¤¥¨¥ª¤«;ujl;mll;®±¡
p;®¥¡¨¨µ;«®®\¨«ª£¡;ujl;mll;®±¡
mm;¡ª°«\j;¥®\ ¡\;sjl;rl;¨¯¡
mn;±®\}j;®\°®¨¤®;tjl;pl;¨¯¡
momo;¡ ;~®¥£®\«©\«\® ;sjl;qq;¨¯¡
mq;±¥¶\j;«®®\¨«ª£¡;sjl;po;¨¯¡
mr;µ¯¡;¤¡£®\ª¯ ;sjl;qs;¨¯¡
ur;®¥ª¡;°«;mljl;tl;®±¡
